Model,Accuracy,Precision,Recall,AUC,Loss
LSTM,0.006211180239915848,0.0,0.0,0.0,
CNN,0.006211180239915848,0.0,0.0,0.0,
Hybrid,0.006211180239915848,0.0,0.0,0.0,
